ID,Name,Age,Salary,Department,City,Empty_Col_1,Empty_Col_2
1.0,Alice,32,74229,@!@!,Dallas,,
2.0,David,31,125389,Marketing,San Antonio,,
3.0,nil,50,59651,Finance,San Jose,,
4.0,nil,,71496,Finance,Dallas,,
5.0,Bob,,145569,null,???,,
6.0,Alice,45,146172,****,Dallas,,
7.0,,58,126577,Engineering,San Jose,,
,,,,,,,
9.0,Ian,unknown_val,125904,Finance,null,,
,,,,,,,
11.0,Grace,26,94862,Operations,San Antonio,,
12.0,,55,136564,,New York,,
13.0,Nina,42,,Sales,Philadelphia,,
14.0,,37,114978,,Houston,,
15.0,Laura,23,84979,IT,null,,
16.0,Eva,53,69145,   ,San Antonio,,
17.0,$$$,57,123665,Engineering,Los Angeles,,
18.0,Bob,$$$,128063,Operations,San Antonio,,
19.0,Frank,50,79347,Marketing,N/A,,
20.0,Jack,40,126194,Sales,Phoenix,,
21.0,Alice,53,63741,Operations,Houston,,
22.0,Ian,30,101706,IT,Los Angeles,,
23.0,..,50,N/A,$$$,???,,
24.0,,nil,113273,###,N/A,,
25.0,Kevin,27,63995,$$$,Dallas,,
26.0,Nina,42,83992,Finance,San Antonio,,
27.0,David,26,69131,,New York,,
28.0,Alice,40,137545,Finance,N/A,,
29.0,Mike,32,95112,null,N/A,,
30.0,Bob,33,83426,,Phoenix,,
31.0,Nina,54,116751,,Chicago,,
32.0,N/A,34,55437,Engineering,New York,,
33.0,Nina,37,123151,Finance,San Diego,,
34.0,Frank,23,121350,IT,New York,,
35.0,Kevin,58,,Operations,Los Angeles,,
36.0,Oscar,57,105598,Marketing,Phoenix,,
37.0,Bob,---,null,@!@!,San Antonio,,
38.0,Charlie,,79106,..,Los Angeles,,
39.0,David,52,59762,HR,Chicago,,
40.0,..,48,@!@!,Marketing,,,
41.0,Oscar,26,114632,null,Los Angeles,,
42.0,Ian,   ,99974,Operations,San Jose,,
,,,,,,,
44.0,Mike,55,---,Marketing,---,,
45.0,,57,122710,Marketing,---,,
46.0,Mike,33,81079,Operations,Philadelphia,,
47.0,Eva,30,40617,Engineering,San Jose,,
48.0,,25,67444,Operations,Houston,,
49.0,Jack,55,62099,,Houston,,
50.0,Frank,###,60766,Marketing,###,,
51.0,unknown_val,nil,140082,Marketing,N/A,,
52.0,Oscar,55,56961,IT,Phoenix,,
53.0,Charlie,27,123032,Finance,New York,,
54.0,David,57,96233,IT,Philadelphia,,
55.0,Ian,41,90242,Finance,Los Angeles,,
56.0,Jack,27,,unknown_val,San Antonio,,
57.0,Jack,32,135768,HR,Houston,,
58.0,David,59,41845,Engineering,Chicago,,
59.0,Charlie,null,139201,Marketing,Philadelphia,,
60.0,Bob,60,64979,HR,New York,,
61.0,Nina,58,,Finance,San Jose,,
62.0,null,,,HR,,,
,,,,,,,
64.0,Bob,,85134,Sales,Houston,,
65.0,Jack,58,53462,Sales,..,,
66.0,Ian,35,117158,Marketing,Philadelphia,,
67.0,Ian,48,48557,???,Los Angeles,,
68.0,Alice,23,79085,Engineering,Houston,,
69.0,Bob,56,99759,IT,San Antonio,,
70.0,Ian,41,118167,IT,,,
71.0,Mike,47,96841,Engineering,Phoenix,,
72.0,Bob,26,57536,IT,Houston,,
73.0,Charlie,32,104248,Marketing,###,,
74.0,Laura,52,64697,Marketing,Philadelphia,,
75.0,Eva,43,$$$,,San Antonio,,
76.0,Mike,42,69939,IT,Phoenix,,
77.0,---,42,57197,Marketing,San Diego,,
78.0,Eva,44,42872,,San Antonio,,
79.0,Ian,30,62149,IT,Philadelphia,,
80.0,Charlie,54,nil,Operations,Los Angeles,,
81.0,Charlie,42,44897,nil,Phoenix,,
82.0,Mike,29,123928,---,Philadelphia,,
83.0,Oscar,37,110088,IT,Dallas,,
84.0,,???,117846,Finance,San Diego,,
85.0,Alice,46,126765,IT,New York,,
86.0,   ,48,???,Finance,Chicago,,
87.0,Nina,32,,Engineering,Chicago,,
88.0,David,58,unknown_val,Marketing,,,
89.0,,34,111733,,N/A,,
90.0,Bob,53,131995,   ,Los Angeles,,
91.0,,51,nil,IT,@!@!,,
92.0,Bob,41,41219,Engineering,Chicago,,
93.0,Ian,27,126725,Engineering,San Antonio,,
94.0,Charlie,54,****,HR,Philadelphia,,
95.0,Ian,37,119381,Sales,Chicago,,
96.0,****,44,94896,Marketing,null,,
97.0,Grace,,53751,###,Philadelphia,,
98.0,Oscar,60,120962,###,Houston,,
99.0,Laura,52,---,HR,,,
,,,,,,,
101.0,Kevin,49,@!@!,,San Jose,,
102.0,Hannah,N/A,148986,Marketing,???,,
103.0,Hannah,47,66433,HR,San Jose,,
,,,,,,,
105.0,,,45164,,Houston,,
106.0,,45,67222,Marketing,###,,
107.0,Jack,26,103001,HR,,,
108.0,---,50,40358,HR,San Jose,,
109.0,Alice,39,,****,---,,
110.0,???,29,,null,Chicago,,
111.0,Bob,---,,Operations,Los Angeles,,
112.0,Eva,43,59548,###,,,
113.0,David,45,142174,null,San Diego,,
114.0,Laura,34,134838,Engineering,San Diego,,
115.0,Jack,47,73540,IT,nil,,
116.0,David,24,99867,Finance,$$$,,
117.0,Mike,,78800,---,nil,,
118.0,Bob,52,46564,,Chicago,,
119.0,,31,,Engineering,Houston,,
120.0,Grace,54,???,N/A,Phoenix,,
121.0,Nina,,87214,IT,Houston,,
122.0,Kevin,47,80987,Finance,San Antonio,,
123.0,Kevin,41,55191,Engineering,New York,,
124.0,,54,,IT,N/A,,
125.0,Frank,56,46014,HR,unknown_val,,
126.0,Bob,58,,,Philadelphia,,
127.0,@!@!,23,null,   ,San Diego,,
128.0,Charlie,29,   ,Operations,,,
129.0,Eva,59,121501,,Philadelphia,,
130.0,Nina,23,136084,Finance,San Antonio,,
131.0,Hannah,38,,,San Antonio,,
132.0,Nina,59,63969,HR,San Jose,,
133.0,Alice,25,..,Sales,---,,
134.0,Ian,32,75629,Marketing,New York,,
135.0,Bob,46,130426,IT,Houston,,
136.0,Nina,null,144844,???,Philadelphia,,
137.0,..,58,144452,nil,San Jose,,
138.0,David,29,###,Finance,New York,,
139.0,Oscar,unknown_val,47686,Marketing,,,
140.0,,31,60892,Finance,San Antonio,,
141.0,Grace,35,,IT,San Antonio,,
142.0,Mike,52,114572,,Chicago,,
143.0,Eva,25,63758,Sales,Dallas,,
144.0,Laura,55,142126,Finance,,,
145.0,Ian,42,43777,Engineering,###,,
146.0,Hannah,52,149908,Marketing,Philadelphia,,
147.0,N/A,42,57125,IT,Chicago,,
148.0,???,51,103979,Operations,,,
149.0,Ian,43,..,,San Antonio,,
150.0,,38,48301,N/A,---,,
151.0,Alice,34,81187,HR,Chicago,,
152.0,Ian,39,,unknown_val,Phoenix,,
153.0,Ian,36,108788,HR,San Antonio,,
154.0,****,41,115582,Engineering,N/A,,
155.0,,35,69358,Marketing,Phoenix,,
156.0,,53,127797,Sales,San Antonio,,
157.0,,44,108039,Operations,Philadelphia,,
158.0,Grace,39,131826,HR,San Diego,,
159.0,,58,96734,IT,Chicago,,
160.0,,46,72581,$$$,San Diego,,
161.0,,47,126993,,,,
162.0,,31,90446,Finance,@!@!,,
163.0,Jack,40,****,HR,unknown_val,,
164.0,Oscar,27,120335,   ,nil,,
165.0,Kevin,50,,IT,Los Angeles,,
166.0,David,52,60568,HR,San Diego,,
167.0,Charlie,56,101510,Engineering,,,
168.0,Eva,57,61679,Sales,Dallas,,
169.0,Oscar,30,,Marketing,San Diego,,
170.0,Bob,nil,71574,Operations,nil,,
171.0,,37,76458,,Los Angeles,,
172.0,Jack,,,###,Houston,,
173.0,Bob,36,124320,Operations,Chicago,,
174.0,Ian,25,147099,Sales,Dallas,,
175.0,Oscar,   ,100174,Operations,San Jose,,
176.0,Bob,28,115108,IT,San Jose,,
177.0,Frank,30,105333,,???,,
178.0,Hannah,,55559,Finance,San Jose,,
179.0,Laura,32,137679,Sales,---,,
180.0,Mike,52,53453,HR,unknown_val,,
181.0,Alice,34,44696,null,Philadelphia,,
182.0,Ian,40,40022,Operations,,,
183.0,Kevin,25,143780,Engineering,Los Angeles,,
184.0,###,27,121142,???,San Jose,,
185.0,Oscar,36,106628,Marketing,Los Angeles,,
186.0,****,24,125799,Operations,Chicago,,
187.0,N/A,33,84676,,,,
188.0,Laura,33,47113,Finance,San Diego,,
189.0,Kevin,24,99566,$$$,Phoenix,,
190.0,Eva,47,140586,IT,New York,,
191.0,Eva,33,102014,IT,New York,,
192.0,Nina,40,87617,,San Diego,,
193.0,,22,54945,Marketing,San Jose,,
194.0,Nina,60,,Sales,???,,
195.0,Alice,   ,40287,Sales,Phoenix,,
196.0,Charlie,56,148774,N/A,New York,,
197.0,Eva,30,144846,   ,Dallas,,
198.0,unknown_val,51,108417,Operations,San Antonio,,
199.0,Grace,29,53935,---,,,
200.0,Bob,51,,HR,@!@!,,
201.0,,33,###,Finance,San Antonio,,
202.0,Oscar,,137322,   ,,,
203.0,???,40,54019,IT,Chicago,,
204.0,Jack,34,65679,Sales,San Antonio,,
205.0,Grace,null,..,Engineering,$$$,,
206.0,N/A,49,148075,HR,Chicago,,
207.0,Oscar,27,133950,Finance,unknown_val,,
208.0,Nina,28,139241,Engineering,Phoenix,,
209.0,,###,123000,???,San Jose,,
210.0,Kevin,37,117176,IT,null,,
211.0,---,,unknown_val,HR,,,
212.0,Ian,50,117242,,Houston,,
213.0,Grace,43,57647,IT,San Antonio,,
214.0,Laura,58,40568,Operations,San Jose,,
215.0,@!@!,,46366,,Los Angeles,,
216.0,Mike,37,96729,HR,Philadelphia,,
,,,,,,,
218.0,Charlie,N/A,142377,Sales,Los Angeles,,
219.0,Frank,null,63226,,,,
220.0,Grace,41,62760,IT,San Diego,,
221.0,Nina,40,56827,Sales,Chicago,,
222.0,David,36,null,N/A,Dallas,,
223.0,Mike,30,82184,   ,Dallas,,
224.0,Grace,51,90418,IT,,,
225.0,Nina,60,119822,###,Los Angeles,,
226.0,David,57,139925,---,San Diego,,
227.0,Hannah,56,92149,,Chicago,,
228.0,Nina,35,78557,Finance,Phoenix,,
229.0,David,60,57481,****,Dallas,,
230.0,null,27,,Sales,San Jose,,
231.0,   ,55,138097,nil,,,
232.0,Bob,26,131946,Finance,,,
233.0,Eva,29,81144,---,,,
234.0,Ian,,112559,Sales,..,,
235.0,Nina,54,66330,HR,San Diego,,
236.0,Alice,56,133635,unknown_val,San Jose,,
237.0,N/A,   ,85258,HR,Philadelphia,,
238.0,N/A,50,57389,???,---,,
239.0,,@!@!,125208,,New York,,
240.0,Frank,53,63306,IT,null,,
,,,,,,,
242.0,Ian,25,133107,IT,New York,,
243.0,,54,   ,Finance,,,
244.0,???,58,116389,Sales,Phoenix,,
245.0,Alice,,127445,IT,San Diego,,
246.0,Mike,41,128374,Operations,San Diego,,
247.0,Laura,47,109979,Operations,Phoenix,,
248.0,Laura,22,95363,Finance,Chicago,,
249.0,Frank,59,108515,$$$,---,,
250.0,Kevin,,..,Marketing,San Jose,,
251.0,Jack,26,null,,null,,
252.0,Nina,25,,IT,****,,
253.0,N/A,26,142961,Marketing,,,
254.0,Kevin,52,N/A,Engineering,New York,,
255.0,Grace,,59192,,unknown_val,,
256.0,Ian,30,130517,   ,San Antonio,,
257.0,..,48,66738,IT,San Jose,,
258.0,Grace,46,44234,Sales,Phoenix,,
259.0,Oscar,46,99322,Sales,San Jose,,
260.0,,56,null,HR,San Antonio,,
261.0,Ian,   ,69400,,Los Angeles,,
262.0,Eva,****,113566,unknown_val,???,,
263.0,Grace,30,106967,Engineering,???,,
264.0,Jack,36,144703,   ,Houston,,
265.0,Hannah,23,130824,Engineering,Houston,,
266.0,Kevin,51,90014,Marketing,Chicago,,
267.0,unknown_val,56,143299,Operations,San Antonio,,
268.0,Mike,46,80980,****,Dallas,,
269.0,Kevin,37,47051,Operations,N/A,,
270.0,,31,,Marketing,Chicago,,
271.0,Kevin,29,121338,Marketing,New York,,
272.0,Bob,,98073,@!@!,###,,
,,,,,,,
274.0,N/A,26,124886,Sales,San Diego,,
275.0,@!@!,???,117120,nil,,,
276.0,???,25,119087,Operations,Houston,,
277.0,unknown_val,24,nil,Finance,,,
278.0,Mike,36,78558,Finance,San Antonio,,
279.0,,25,129477,Engineering,,,
280.0,Kevin,N/A,,HR,,,
281.0,Laura,58,136348,IT,San Antonio,,
282.0,Hannah,60,89440,Marketing,San Diego,,
283.0,Charlie,42,,,San Jose,,
284.0,Alice,31,74634,Finance,Phoenix,,
285.0,Nina,55,,,,,
286.0,Bob,41,40739,Sales,Dallas,,
287.0,David,57,133020,HR,San Jose,,
288.0,nil,33,45235,IT,San Diego,,
289.0,Alice,49,   ,Operations,???,,
290.0,Oscar,25,141405,Sales,San Antonio,,
291.0,Hannah,46,120689,IT,Dallas,,
292.0,unknown_val,42,79472,,,,
293.0,Ian,48,115061,###,San Antonio,,
294.0,Mike,..,49552,Operations,Los Angeles,,
295.0,Jack,****,81662,HR,Philadelphia,,
296.0,Oscar,36,64100,IT,San Antonio,,
297.0,Nina,31,143056,****,,,
298.0,Hannah,25,94516,,@!@!,,
299.0,Laura,48,92876,Engineering,San Diego,,
300.0,Hannah,30,,   ,@!@!,,
301.0,David,38,67964,$$$,Philadelphia,,
302.0,Eva,27,83393,Sales,San Diego,,
303.0,Ian,45,68632,Marketing,N/A,,
304.0,David,,121039,Sales,San Antonio,,
305.0,Bob,34,113575,Finance,Philadelphia,,
306.0,David,,125105,,Chicago,,
307.0,Frank,60,,Marketing,Phoenix,,
308.0,Bob,26,98414,Operations,Los Angeles,,
309.0,@!@!,$$$,124182,   ,Chicago,,
310.0,Charlie,57,121412,HR,###,,
311.0,Bob,35,45226,,Los Angeles,,
312.0,Frank,43,82065,Sales,San Diego,,
313.0,Grace,22,144360,N/A,Houston,,
314.0,,34,90577,Engineering,New York,,
315.0,Grace,29,134892,Finance,Phoenix,,
316.0,Jack,52,107746,Sales,Chicago,,
317.0,Alice,60,89146,Marketing,****,,
318.0,Mike,47,106680,Finance,,,
319.0,Hannah,57,45747,###,,,
320.0,,40,125397,Engineering,San Jose,,
321.0,Mike,56,****,Operations,****,,
322.0,Oscar,41,,Operations,N/A,,
323.0,Grace,54,,Sales,Philadelphia,,
324.0,Laura,51,141360,IT,Dallas,,
325.0,Jack,,40960,???,###,,
326.0,Hannah,52,67627,,Dallas,,
327.0,..,42,141394,,Los Angeles,,
328.0,Grace,45,129837,Marketing,San Diego,,
329.0,Kevin,24,53621,Engineering,Los Angeles,,
330.0,Laura,36,148625,,San Jose,,
331.0,unknown_val,23,137173,Marketing,Los Angeles,,
332.0,Jack,59,124746,Operations,New York,,
333.0,Oscar,48,49452,Marketing,Chicago,,
334.0,Jack,34,60152,Marketing,Houston,,
335.0,Bob,46,,Finance,Chicago,,
336.0,Charlie,37,44965,Marketing,San Diego,,
337.0,Charlie,43,,Engineering,San Diego,,
338.0,,53,,HR,Los Angeles,,
339.0,David,53,113149,Operations,   ,,
340.0,Frank,44,,IT,Chicago,,
341.0,Grace,nil,73901,Marketing,@!@!,,
342.0,Nina,33,99129,Finance,San Antonio,,
343.0,Nina,56,96757,HR,New York,,
344.0,,25,91052,IT,$$$,,
345.0,,26,110101,Finance,Phoenix,,
346.0,Frank,25,,IT,Los Angeles,,
347.0,---,48,48288,,nil,,
348.0,Kevin,null,116756,Finance,Philadelphia,,
349.0,,31,,Operations,Houston,,
350.0,,,86884,Marketing,$$$,,
351.0,???,45,53911,Finance,Houston,,
352.0,David,,129899,HR,..,,
353.0,null,52,51338,null,San Antonio,,
354.0,@!@!,23,97367,IT,Dallas,,
355.0,Eva,,147757,,Philadelphia,,
356.0,Charlie,22,102126,Operations,San Diego,,
357.0,Laura,,@!@!,Finance,???,,
358.0,Mike,56,..,,Dallas,,
359.0,Eva,23,111529,Operations,Los Angeles,,
360.0,???,49,123105,,San Antonio,,
361.0,Jack,33,null,Marketing,Chicago,,
362.0,Grace,---,144204,Sales,San Antonio,,
363.0,Laura,37,124926,Operations,Chicago,,
364.0,,****,41461,###,New York,,
365.0,Kevin,44,112754,,Dallas,,
366.0,nil,47,???,IT,San Antonio,,
367.0,Nina,,,Operations,Dallas,,
368.0,Mike,51,110405,HR,Philadelphia,,
369.0,,36,51157,Finance,New York,,
370.0,Frank,27,138080,???,Dallas,,
371.0,Kevin,24,135150,Sales,Chicago,,
372.0,Ian,,94087,Finance,San Diego,,
373.0,Alice,57,107181,,Dallas,,
374.0,Nina,22,###,Engineering,San Jose,,
375.0,Grace,27,149412,Operations,Philadelphia,,
376.0,Kevin,49,55023,Sales,San Antonio,,
377.0,Hannah,43,$$$,N/A,Phoenix,,
378.0,Grace,28,47128,N/A,,,
379.0,****,24,111939,,San Antonio,,
380.0,Eva,58,112045,###,Chicago,,
381.0,Oscar,24,,IT,Dallas,,
382.0,Hannah,39,72858,unknown_val,---,,
383.0,Nina,58,,Engineering,Phoenix,,
384.0,Eva,33,103857,nil,Chicago,,
385.0,David,42,86810,###,,,
386.0,Bob,,null,Operations,Dallas,,
387.0,Hannah,31,77373,,Houston,,
388.0,unknown_val,47,65362,Engineering,Phoenix,,
389.0,Kevin,41,99067,Operations,Dallas,,
390.0,Alice,@!@!,126431,unknown_val,???,,
391.0,Frank,46,116568,Marketing,Phoenix,,
392.0,@!@!,56,,Engineering,Philadelphia,,
393.0,Eva,30,81462,IT,$$$,,
394.0,Oscar,27,62103,Engineering,Los Angeles,,
395.0,Oscar,44,,Operations,San Jose,,
396.0,Alice,,69035,IT,San Diego,,
397.0,David,26,123995,---,Houston,,
398.0,,60,87118,,San Jose,,
399.0,Hannah,42,nil,Marketing,Dallas,,
400.0,David,,102908,IT,Houston,,
401.0,Kevin,50,87020,Finance,Phoenix,,
402.0,Hannah,44,103828,null,San Jose,,
403.0,Bob,46,63038,Marketing,San Antonio,,
404.0,Grace,59,50744,****,Houston,,
405.0,Eva,27,148323,HR,****,,
406.0,Frank,40,****,$$$,Philadelphia,,
407.0,Ian,26,nil,IT,Chicago,,
408.0,Laura,,50022,Finance,San Antonio,,
409.0,Frank,nil,42441,HR,,,
410.0,Eva,31,122788,,,,
411.0,David,42,,Sales,San Diego,,
412.0,@!@!,27,93101,Marketing,---,,
413.0,Laura,,67886,IT,Dallas,,
414.0,Mike,45,112298,Sales,Dallas,,
415.0,David,28,110736,$$$,San Antonio,,
416.0,unknown_val,###,141606,,San Jose,,
417.0,Jack,57,..,Marketing,San Antonio,,
418.0,Ian,48,141206,IT,San Diego,,
419.0,Bob,---,78141,IT,San Antonio,,
420.0,Eva,27,****,Operations,Chicago,,
421.0,###,42,92007,   ,San Diego,,
422.0,Laura,22,41388,Engineering,Chicago,,
423.0,Eva,46,145714,HR,Dallas,,
424.0,,57,129674,Operations,Los Angeles,,
425.0,,37,****,,San Diego,,
426.0,Charlie,32,###,Finance,Chicago,,
427.0,Mike,32,,unknown_val,Philadelphia,,
428.0,Nina,N/A,59162,IT,Los Angeles,,
429.0,,31,103373,@!@!,San Antonio,,
430.0,Hannah,,45297,,   ,,
431.0,Charlie,48,103916,HR,New York,,
432.0,Eva,26,74649,IT,Los Angeles,,
433.0,Hannah,37,45610,Engineering,Philadelphia,,
434.0,---,53,107880,IT,San Diego,,
435.0,Bob,34,87349,---,,,
436.0,Kevin,30,99591,,$$$,,
437.0,,47,45230,Marketing,New York,,
438.0,,46,82476,IT,Phoenix,,
439.0,Bob,43,****,Engineering,Houston,,
440.0,Bob,49,75847,IT,nil,,
441.0,Grace,60,74513,N/A,Los Angeles,,
442.0,Mike,   ,114732,HR,Los Angeles,,
443.0,Mike,34,null,Sales,San Antonio,,
444.0,Hannah,33,117028,IT,Phoenix,,
445.0,Eva,42,149506,Operations,Philadelphia,,
446.0,Grace,53,,Sales,San Diego,,
447.0,Jack,37,69215,---,San Jose,,
448.0,,39,86255,???,###,,
449.0,Bob,47,85224,Sales,San Diego,,
450.0,David,58,103191,Sales,San Diego,,
451.0,Eva,****,40864,Sales,nil,,
452.0,Charlie,$$$,58214,---,San Jose,,
453.0,****,51,70145,Engineering,San Antonio,,
454.0,,35,,Engineering,San Antonio,,
455.0,,40,67723,HR,New York,,
456.0,Jack,26,###,$$$,San Diego,,
457.0,Alice,48,134018,Finance,Los Angeles,,
458.0,nil,30,126652,Marketing,New York,,
459.0,Nina,37,146322,HR,Phoenix,,
460.0,Kevin,31,54855,,Los Angeles,,
461.0,N/A,46,102759,,Los Angeles,,
462.0,Kevin,,117436,Operations,,,
463.0,Mike,52,..,Marketing,New York,,
464.0,Grace,56,,null,Dallas,,
465.0,@!@!,48,,,unknown_val,,
466.0,Oscar,45,61119,,New York,,
467.0,Charlie,56,****,Engineering,****,,
468.0,,27,,Marketing,???,,
469.0,N/A,@!@!,47328,Finance,@!@!,,
470.0,Nina,44,###,Operations,nil,,
471.0,Eva,,93143,Marketing,San Jose,,
472.0,Hannah,,113872,IT,Dallas,,
473.0,Laura,47,134312,Operations,San Antonio,,
474.0,Eva,43,147649,,San Diego,,
475.0,Hannah,49,51239,..,New York,,
476.0,Jack,---,119498,Operations,Chicago,,
477.0,,54,103133,HR,Dallas,,
478.0,Frank,57,..,Sales,Phoenix,,
479.0,Alice,58,144151,Sales,,,
480.0,,45,140596,IT,Dallas,,
481.0,Nina,59,null,IT,###,,
482.0,Jack,31,61983,,$$$,,
483.0,Mike,23,84914,Sales,,,
484.0,Eva,40,118188,,San Antonio,,
485.0,Mike,27,70122,Operations,New York,,
486.0,Hannah,nil,57329,@!@!,Philadelphia,,
487.0,Hannah,N/A,@!@!,???,nil,,
488.0,Charlie,35,106107,IT,,,
489.0,Grace,44,148332,nil,Philadelphia,,
,,,,,,,
491.0,Hannah,50,,Sales,---,,
492.0,Frank,41,142743,IT,,,
493.0,Bob,,138616,Engineering,,,
494.0,Frank,23,unknown_val,@!@!,San Diego,,
495.0,Hannah,28,119098,,Dallas,,
496.0,Grace,32,40157,Engineering,Los Angeles,,
,,,,,,,
498.0,,57,96557,IT,San Antonio,,
499.0,,****,88546,Finance,,,
500.0,Bob,51,131441,Operations,,,
501.0,Grace,47,70079,HR,New York,,
502.0,Nina,33,103192,,,,
503.0,Kevin,49,89969,,Houston,,
504.0,Hannah,34,145463,HR,Chicago,,
505.0,David,49,139816,Engineering,San Antonio,,
506.0,Jack,35,115513,IT,Dallas,,
507.0,Kevin,26,,IT,###,,
508.0,Alice,56,unknown_val,Finance,Chicago,,
509.0,****,   ,50986,,Dallas,,
510.0,N/A,---,111267,---,Dallas,,
511.0,Laura,53,64775,,New York,,
512.0,Alice,42,,null,San Jose,,
513.0,Jack,47,40932,,###,,
514.0,Laura,44,55444,Finance,,,
515.0,****,51,89155,,San Diego,,
516.0,,41,130146,Engineering,N/A,,
517.0,David,59,93588,,San Antonio,,
518.0,Oscar,,60287,Sales,Houston,,
519.0,---,---,116725,HR,Dallas,,
520.0,Charlie,29,110268,Engineering,###,,
521.0,Laura,nil,87925,HR,San Jose,,
522.0,Laura,..,129208,HR,,,
523.0,Nina,30,66698,,,,
524.0,Hannah,49,142732,Engineering,Chicago,,
525.0,****,null,63425,,Phoenix,,
526.0,@!@!,33,112733,   ,Houston,,
527.0,Ian,53,80193,IT,Philadelphia,,
528.0,Charlie,33,141475,Sales,Philadelphia,,
529.0,Eva,50,136440,null,San Diego,,
530.0,Nina,44,null,Engineering,null,,
531.0,Oscar,53,@!@!,Operations,Philadelphia,,
532.0,Eva,..,131660,???,,,
533.0,Eva,54,53143,Sales,Chicago,,
534.0,Nina,48,92502,,New York,,
,,,,,,,
536.0,Charlie,50,131364,IT,Chicago,,
537.0,Hannah,27,46822,Engineering,San Diego,,
538.0,Ian,36,null,Finance,Dallas,,
539.0,Grace,39,,,,,
540.0,Frank,40,,,Los Angeles,,
541.0,Laura,unknown_val,,Finance,San Diego,,
542.0,..,53,48399,Engineering,Philadelphia,,
543.0,$$$,29,88606,,San Antonio,,
544.0,Frank,39,,HR,Philadelphia,,
545.0,Laura,45,,,New York,,
546.0,Grace,24,92513,IT,   ,,
547.0,Kevin,50,108289,Sales,San Diego,,
548.0,Kevin,49,118311,Operations,,,
549.0,Hannah,null,,Marketing,Phoenix,,
550.0,Charlie,41,62973,Engineering,Philadelphia,,
551.0,Jack,24,97536,N/A,,,
552.0,Bob,44,,Marketing,Houston,,
553.0,Hannah,27,145370,###,unknown_val,,
554.0,,29,65525,HR,New York,,
555.0,Alice,37,,IT,nil,,
556.0,Grace,59,107608,HR,Houston,,
557.0,Charlie,49,120634,Operations,,,
558.0,,###,???,Marketing,San Antonio,,
559.0,Eva,35,125854,,N/A,,
560.0,Laura,58,,---,San Diego,,
561.0,Bob,39,N/A,HR,@!@!,,
562.0,Nina,32,86285,Operations,San Jose,,
563.0,Ian,40,93143,Finance,San Jose,,
564.0,Frank,39,107861,Marketing,Los Angeles,,
565.0,Oscar,54,,IT,Los Angeles,,
566.0,Nina,28,51818,???,,,
567.0,Jack,$$$,135176,$$$,Dallas,,
568.0,,25,116406,unknown_val,Phoenix,,
569.0,Oscar,30,146891,Engineering,null,,
570.0,David,30,119477,HR,,,
571.0,Grace,42,99606,,Dallas,,
572.0,Mike,47,115354,Engineering,Dallas,,
573.0,Nina,58,,Sales,New York,,
574.0,###,48,****,Operations,New York,,
575.0,Oscar,26,---,HR,Philadelphia,,
576.0,,27,84560,Finance,San Antonio,,
577.0,Alice,39,145243,$$$,null,,
578.0,Frank,45,73776,,San Diego,,
579.0,David,53,146580,HR,New York,,
580.0,Jack,22,72786,IT,Houston,,
581.0,Charlie,27,89424,Finance,,,
582.0,---,51,140921,Engineering,Dallas,,
583.0,Grace,44,84520,Sales,New York,,
584.0,David,56,100142,---,Philadelphia,,
585.0,Jack,49,116916,HR,,,
586.0,unknown_val,53,103172,..,New York,,
587.0,Hannah,40,---,Marketing,Houston,,
588.0,Alice,58,143370,HR,San Antonio,,
589.0,Hannah,unknown_val,128724,Marketing,Houston,,
590.0,Kevin,25,144878,,   ,,
591.0,Bob,,86281,Engineering,Los Angeles,,
592.0,Frank,51,41274,Marketing,,,
593.0,Eva,,74517,   ,New York,,
594.0,Grace,32,52190,nil,Philadelphia,,
595.0,Hannah,22,138145,   ,Houston,,
596.0,David,49,49965,Engineering,@!@!,,
,,,,,,,
598.0,David,41,86338,HR,Dallas,,
599.0,Frank,N/A,115197,---,Los Angeles,,
600.0,Laura,,137800,Marketing,San Jose,,
601.0,Nina,27,64925,Operations,Los Angeles,,
602.0,Eva,32,66170,Sales,San Jose,,
603.0,,,71726,Operations,???,,
604.0,Mike,36,67102,Finance,San Antonio,,
605.0,Alice,27,149437,Finance,Los Angeles,,
606.0,Laura,22,121080,Operations,New York,,
607.0,Oscar,26,142097,..,San Diego,,
608.0,Mike,@!@!,---,Marketing,,,
609.0,Jack,50,126956,Engineering,San Antonio,,
610.0,David,,40868,Operations,,,
611.0,Jack,29,110972,HR,Dallas,,
612.0,Mike,49,103214,IT,,,
613.0,Kevin,52,81342,Engineering,San Antonio,,
614.0,Charlie,,115303,Finance,,,
615.0,Oscar,28,104330,,Houston,,
616.0,Alice,   ,$$$,Finance,San Jose,,
617.0,Hannah,30,76735,Marketing,,,
618.0,,30,138326,HR,San Antonio,,
619.0,Charlie,31,47097,IT,San Jose,,
620.0,,,95466,HR,null,,
621.0,Laura,32,110879,Marketing,New York,,
622.0,David,35,,Operations,Philadelphia,,
623.0,****,31,129959,HR,Los Angeles,,
624.0,Frank,50,99925,Engineering,,,
625.0,Oscar,27,131520,,San Jose,,
626.0,Charlie,30,81373,IT,Houston,,
627.0,Nina,59,41549,Engineering,Chicago,,
628.0,Mike,44,89732,N/A,Phoenix,,
629.0,Nina,42,82655,---,San Diego,,
630.0,Bob,37,74039,,San Diego,,
631.0,Bob,27,N/A,Engineering,###,,
632.0,@!@!,60,101780,Operations,New York,,
633.0,Laura,60,84970,Finance,,,
634.0,Grace,23,105374,,Philadelphia,,
635.0,Mike,41,94931,Operations,Dallas,,
636.0,Bob,60,88799,nil,Chicago,,
637.0,Alice,47,92506,Operations,San Jose,,
638.0,Bob,25,63578,IT,Philadelphia,,
639.0,Kevin,37,115483,IT,Dallas,,
640.0,Eva,29,146717,,Chicago,,
641.0,Nina,60,,Marketing,,,
642.0,Frank,,70907,Sales,Dallas,,
643.0,@!@!,22,89923,Sales,San Antonio,,
644.0,Jack,42,$$$,Sales,Houston,,
645.0,Ian,,59601,Finance,Houston,,
646.0,Jack,56,41276,Operations,Philadelphia,,
647.0,---,52,unknown_val,null,unknown_val,,
648.0,Hannah,26,null,,San Diego,,
649.0,Eva,,134445,IT,Philadelphia,,
650.0,Bob,,103782,Finance,San Jose,,
651.0,???,24,113680,IT,San Jose,,
652.0,Hannah,47,46253,HR,   ,,
653.0,@!@!,54,130510,   ,unknown_val,,
654.0,Charlie,49,@!@!,HR,New York,,
655.0,Frank,27,102460,Engineering,New York,,
656.0,Laura,56,52622,IT,Houston,,
657.0,Ian,39,83864,,Houston,,
658.0,Laura,,87226,Engineering,nil,,
659.0,Oscar,,146170,   ,Philadelphia,,
660.0,Bob,31,42599,---,San Antonio,,
661.0,Jack,47,86018,IT,###,,
662.0,Eva,26,119374,Finance,New York,,
663.0,,49,,IT,Los Angeles,,
664.0,Hannah,37,110574,nil,Dallas,,
665.0,David,,$$$,Sales,N/A,,
666.0,Bob,,82610,Sales,San Jose,,
667.0,Frank,51,103896,Marketing,Philadelphia,,
668.0,Kevin,25,98580,---,,,
669.0,Grace,33,89947,Marketing,,,
670.0,Bob,nil,100784,Finance,###,,
671.0,Nina,???,58985,Marketing,N/A,,
672.0,Kevin,   ,123962,IT,Philadelphia,,
673.0,null,38,84222,Sales,Houston,,
674.0,Alice,###,120256,Sales,???,,
675.0,,39,49351,IT,N/A,,
676.0,Charlie,29,,HR,New York,,
677.0,David,23,81088,unknown_val,Chicago,,
678.0,,49,78188,,Los Angeles,,
679.0,David,26,119349,Engineering,Houston,,
680.0,Nina,58,75553,---,Houston,,
681.0,Frank,53,142363,N/A,Philadelphia,,
,,,,,,,
683.0,Alice,,108280,Operations,San Jose,,
684.0,Charlie,32,94262,null,Los Angeles,,
685.0,Ian,38,???,,###,,
686.0,Charlie,58,@!@!,IT,Houston,,
687.0,???,29,137501,Engineering,Philadelphia,,
688.0,   ,54,50494,Marketing,San Antonio,,
,,,,,,,
690.0,Alice,22,---,,San Jose,,
691.0,???,52,102021,???,Dallas,,
692.0,..,31,43455,Engineering,###,,
693.0,Laura,???,108679,Finance,New York,,
694.0,,48,50911,Marketing,Phoenix,,
695.0,Frank,37,,IT,Dallas,,
696.0,Bob,42,null,Sales,San Diego,,
697.0,David,26,91097,IT,---,,
698.0,Alice,29,72426,Operations,San Jose,,
699.0,Oscar,25,98085,Marketing,,,
700.0,Ian,$$$,57206,Engineering,Dallas,,
701.0,Kevin,24,62361,Sales,Dallas,,
702.0,Alice,26,,N/A,Philadelphia,,
703.0,Nina,40,82624,   ,Dallas,,
704.0,Kevin,41,101235,Operations,San Diego,,
705.0,nil,57,110855,Engineering,San Jose,,
706.0,Bob,45,111898,Marketing,San Jose,,
707.0,Frank,58,131438,Finance,Houston,,
708.0,Bob,37,117441,IT,@!@!,,
709.0,,59,122712,Engineering,Houston,,
710.0,Ian,34,113922,Operations,Phoenix,,
711.0,Grace,56,123858,IT,San Antonio,,
712.0,Ian,37,80587,Engineering,Philadelphia,,
713.0,Ian,..,103131,???,---,,
714.0,Bob,,145474,Finance,---,,
715.0,Bob,22,,N/A,****,,
716.0,Kevin,22,94028,Engineering,San Jose,,
717.0,Ian,46,79789,HR,,,
718.0,David,41,,Sales,Philadelphia,,
719.0,Oscar,****,139391,unknown_val,San Diego,,
720.0,   ,48,85073,Engineering,Philadelphia,,
721.0,Grace,25,110136,HR,Philadelphia,,
722.0,Bob,31,,Marketing,???,,
723.0,Frank,27,139021,Operations,@!@!,,
724.0,Frank,,41197,unknown_val,---,,
725.0,Kevin,55,144590,Engineering,Los Angeles,,
726.0,Bob,45,70305,,****,,
727.0,,27,111855,Finance,Los Angeles,,
728.0,,54,93967,IT,Houston,,
729.0,Laura,..,97292,N/A,,,
730.0,Mike,,61400,Operations,,,
731.0,???,49,124671,Finance,,,
732.0,Ian,30,89592,Operations,@!@!,,
733.0,Kevin,38,50382,Marketing,Phoenix,,
734.0,   ,47,71399,HR,Phoenix,,
735.0,Mike,42,144852,HR,,,
736.0,Oscar,39,145850,****,Dallas,,
737.0,Eva,34,75633,???,New York,,
738.0,Frank,$$$,137376,Operations,Phoenix,,
739.0,****,31,75235,   ,San Antonio,,
740.0,null,unknown_val,48973,,San Jose,,
741.0,Nina,48,N/A,,New York,,
742.0,****,   ,unknown_val,Finance,Dallas,,
743.0,Mike,35,75669,Operations,Chicago,,
744.0,David,51,104486,Sales,Houston,,
745.0,Nina,29,???,---,nil,,
746.0,Mike,,****,Marketing,@!@!,,
747.0,Jack,41,,HR,Dallas,,
748.0,Ian,60,76977,Marketing,San Diego,,
749.0,,,133742,   ,Los Angeles,,
750.0,Nina,42,41075,Finance,Houston,,
751.0,Alice,nil,59750,IT,San Antonio,,
752.0,nil,44,,Engineering,unknown_val,,
753.0,Oscar,25,95082,Marketing,New York,,
754.0,Alice,38,144787,Sales,San Jose,,
755.0,###,33,88679,,Phoenix,,
756.0,Grace,,143733,Sales,New York,,
757.0,,50,,Operations,Philadelphia,,
758.0,Alice,57,,Engineering,San Antonio,,
759.0,,51,59148,Marketing,San Antonio,,
760.0,Grace,$$$,,Marketing,Dallas,,
761.0,Frank,???,49356,Sales,,,
762.0,N/A,,63803,nil,,,
763.0,Mike,36,N/A,Marketing,Chicago,,
764.0,Jack,..,148560,Marketing,   ,,
765.0,,27,,,San Jose,,
766.0,,38,133674,Engineering,San Jose,,
767.0,,26,141086,unknown_val,San Antonio,,
768.0,,,72396,Finance,..,,
769.0,,,44392,HR,,,
,,,,,,,
771.0,Hannah,27,108306,HR,,,
772.0,David,43,67321,,Phoenix,,
773.0,Bob,unknown_val,129318,Sales,,,
774.0,Bob,,82344,Finance,****,,
775.0,Kevin,49,nil,Finance,nil,,
776.0,Ian,47,,Engineering,New York,,
777.0,Alice,46,108278,..,---,,
778.0,,33,unknown_val,unknown_val,San Antonio,,
,,,,,,,
780.0,@!@!,50,46827,Operations,****,,
781.0,Mike,24,68545,Marketing,,,
782.0,Frank,37,70928,Marketing,,,
783.0,unknown_val,53,82534,$$$,Chicago,,
784.0,Charlie,57,,,San Antonio,,
785.0,****,27,116637,null,Los Angeles,,
786.0,Ian,30,$$$,Marketing,..,,
787.0,Kevin,55,45504,null,Los Angeles,,
788.0,Bob,56,130538,Marketing,Houston,,
789.0,Laura,46,118146,nil,@!@!,,
790.0,,44,$$$,HR,San Diego,,
791.0,,53,,N/A,,,
792.0,Nina,58,---,HR,San Jose,,
793.0,Grace,46,84357,Sales,nil,,
794.0,Laura,23,139557,Finance,Phoenix,,
795.0,Eva,36,47834,Sales,###,,
796.0,???,,60174,Marketing,San Antonio,,
797.0,Charlie,39,143739,Operations,Houston,,
798.0,Jack,,unknown_val,****,San Jose,,
799.0,Laura,55,113184,HR,San Diego,,
800.0,Bob,59,139181,Engineering,New York,,
801.0,Bob,32,97503,Engineering,Phoenix,,
802.0,,null,42798,IT,San Diego,,
803.0,Bob,56,86945,###,Phoenix,,
804.0,Eva,25,72859,,Chicago,,
805.0,David,36,103609,IT,Chicago,,
806.0,Charlie,46,113272,Sales,San Antonio,,
807.0,,33,131362,,Chicago,,
808.0,Ian,,114278,null,Los Angeles,,
,,,,,,,
810.0,Frank,23,101393,null,###,,
,,,,,,,
812.0,Charlie,58,112682,Engineering,Los Angeles,,
813.0,###,@!@!,****,Operations,Houston,,
814.0,Charlie,53,N/A,Operations,San Antonio,,
815.0,Mike,33,110989,Sales,Dallas,,
816.0,Bob,27,40094,nil,   ,,
817.0,$$$,,106316,HR,,,
818.0,Hannah,23,64318,Sales,$$$,,
819.0,Mike,22,121229,HR,San Antonio,,
820.0,Kevin,34,141714,N/A,Phoenix,,
821.0,Jack,43,82034,Marketing,???,,
822.0,Jack,42,126283,Engineering,Los Angeles,,
823.0,Kevin,,147354,###,San Diego,,
824.0,Hannah,nil,108690,Operations,San Antonio,,
825.0,,29,140366,****,San Antonio,,
826.0,Eva,45,120352,Operations,,,
827.0,Jack,45,93713,Operations,nil,,
828.0,,47,54478,Finance,Philadelphia,,
829.0,Eva,43,,Operations,San Diego,,
830.0,Alice,30,45737,unknown_val,Los Angeles,,
831.0,,49,57009,HR,,,
832.0,Bob,53,???,HR,San Diego,,
833.0,Nina,33,103618,Sales,N/A,,
834.0,,57,???,Engineering,Chicago,,
835.0,Grace,44,149615,Finance,San Jose,,
836.0,Ian,59,104213,Sales,N/A,,
837.0,Laura,46,131922,N/A,nil,,
838.0,Hannah,40,46433,,Los Angeles,,
839.0,Jack,nil,119423,Engineering,New York,,
840.0,Frank,,41715,nil,Chicago,,
841.0,Ian,58,67359,@!@!,Chicago,,
842.0,???,58,149062,Engineering,???,,
843.0,Mike,,,---,Dallas,,
844.0,Frank,36,47956,Operations,nil,,
845.0,Bob,28,137449,HR,,,
846.0,Charlie,31,94519,,Dallas,,
847.0,,26,144103,Marketing,Los Angeles,,
848.0,Hannah,42,147956,,Phoenix,,
849.0,Jack,---,109339,$$$,San Jose,,
850.0,   ,43,,Finance,,,
851.0,Grace,38,,,Houston,,
852.0,Frank,26,68298,N/A,Philadelphia,,
853.0,Alice,28,52729,,Houston,,
854.0,Kevin,25,@!@!,HR,,,
855.0,Frank,48,64832,Operations,New York,,
856.0,,48,null,,Houston,,
857.0,Eva,46,121962,@!@!,Los Angeles,,
858.0,Nina,46,113193,   ,---,,
859.0,Oscar,unknown_val,94419,,Chicago,,
860.0,Charlie,58,140438,nil,New York,,
861.0,Jack,36,86918,Finance,Los Angeles,,
862.0,Oscar,---,132084,Engineering,Philadelphia,,
863.0,Kevin,24,53644,Operations,Houston,,
864.0,Grace,42,###,Engineering,Dallas,,
865.0,nil,28,106151,HR,San Antonio,,
866.0,Eva,,60732,,@!@!,,
867.0,Kevin,..,118632,HR,   ,,
868.0,Nina,---,86179,IT,..,,
869.0,nil,27,112100,N/A,New York,,
870.0,Laura,52,82553,$$$,San Diego,,
871.0,Oscar,49,94046,IT,null,,
872.0,Kevin,32,96438,,San Jose,,
873.0,Ian,49,82395,****,Los Angeles,,
874.0,Frank,---,113812,Marketing,San Antonio,,
875.0,David,34,89160,Finance,San Jose,,
876.0,Mike,57,137593,null,Los Angeles,,
877.0,David,56,99297,Engineering,San Jose,,
878.0,Charlie,40,92047,Marketing,---,,
879.0,,28,,Finance,San Antonio,,
880.0,Bob,,,---,Chicago,,
881.0,Ian,53,42136,Sales,Philadelphia,,
882.0,Oscar,   ,79562,---,San Diego,,
883.0,Kevin,,,Marketing,,,
884.0,Mike,,68157,IT,,,
885.0,Jack,60,42844,nil,San Diego,,
886.0,Charlie,28,130402,,Houston,,
887.0,nil,,112569,HR,New York,,
888.0,Mike,N/A,114798,Marketing,,,
889.0,Laura,52,60278,Sales,Los Angeles,,
890.0,Grace,41,,Operations,San Antonio,,
891.0,Laura,52,60461,Finance,San Jose,,
892.0,unknown_val,38,   ,Operations,,,
893.0,Mike,,72749,Operations,unknown_val,,
894.0,Hannah,33,146309,,###,,
895.0,@!@!,46,114774,Marketing,New York,,
896.0,Mike,50,68499,Sales,nil,,
897.0,Oscar,,134841,null,San Diego,,
898.0,Frank,38,103246,HR,Philadelphia,,
899.0,Jack,39,nil,Finance,   ,,
900.0,Hannah,31,147415,HR,New York,,
901.0,Mike,28,118018,..,San Antonio,,
902.0,Ian,,44898,Finance,Phoenix,,
903.0,Charlie,56,115534,IT,Houston,,
904.0,Mike,59,142252,Engineering,Philadelphia,,
905.0,Nina,25,,,Houston,,
906.0,Kevin,55,85603,Sales,Houston,,
907.0,Frank,56,96925,..,Houston,,
908.0,Bob,52,55799,..,San Antonio,,
909.0,Ian,37,69716,Sales,Chicago,,
910.0,Eva,27,118944,Operations,New York,,
911.0,,24,123084,Sales,,,
912.0,unknown_val,55,90133,Operations,Houston,,
913.0,Charlie,31,,Marketing,,,
914.0,Bob,$$$,81853,IT,Houston,,
915.0,David,32,59605,Marketing,###,,
916.0,Oscar,34,131457,Finance,Houston,,
917.0,Alice,..,46621,$$$,---,,
918.0,Grace,,91495,HR,San Diego,,
919.0,David,34,138676,unknown_val,Houston,,
920.0,Bob,31,106155,###,###,,
921.0,Alice,38,,,Phoenix,,
922.0,Bob,26,143070,Operations,unknown_val,,
923.0,Kevin,,57326,,Houston,,
924.0,Charlie,57,102371,Engineering,$$$,,
925.0,N/A,39,46463,IT,Philadelphia,,
926.0,Hannah,22,74413,Sales,Chicago,,
927.0,Charlie,59,,HR,San Antonio,,
928.0,Hannah,48,141426,IT,San Antonio,,
929.0,Alice,###,139881,Operations,San Diego,,
930.0,Alice,,****,Marketing,,,
931.0,Nina,28,..,null,Los Angeles,,
932.0,nil,58,65703,Finance,Phoenix,,
933.0,Grace,40,136425,   ,Chicago,,
934.0,N/A,44,71760,Finance,Chicago,,
935.0,---,38,,Operations,unknown_val,,
936.0,,53,82390,,Phoenix,,
937.0,Mike,52,115499,HR,San Jose,,
938.0,Bob,,,Sales,Philadelphia,,
939.0,unknown_val,31,95514,Marketing,unknown_val,,
940.0,Alice,47,64967,HR,@!@!,,
941.0,Jack,,117840,null,,,
942.0,###,43,140883,Sales,Philadelphia,,
943.0,Alice,25,85838,Engineering,San Antonio,,
944.0,David,39,145224,Engineering,Philadelphia,,
945.0,Charlie,23,59112,Marketing,Phoenix,,
946.0,Bob,41,147239,HR,San Jose,,
947.0,Frank,53,129831,Marketing,,,
948.0,,28,139317,IT,Los Angeles,,
949.0,Ian,36,51247,Marketing,San Jose,,
950.0,Ian,nil,???,Operations,$$$,,
951.0,Grace,42,121396,???,Phoenix,,
952.0,Alice,48,149110,Marketing,Philadelphia,,
953.0,Frank,27,41800,Marketing,San Diego,,
954.0,Alice,@!@!,145418,Sales,Philadelphia,,
955.0,Bob,48,unknown_val,Sales,San Antonio,,
956.0,Laura,55,83499,HR,Houston,,
957.0,Bob,25,110517,Engineering,???,,
958.0,Laura,32,111620,Sales,Philadelphia,,
959.0,Charlie,,73902,Finance,New York,,
960.0,,47,121663,,Chicago,,
961.0,Nina,****,58526,Sales,unknown_val,,
962.0,Nina,23,127590,Marketing,Chicago,,
963.0,Hannah,@!@!,,Sales,,,
964.0,Hannah,37,126969,HR,Chicago,,
965.0,Mike,,73483,Engineering,,,
966.0,nil,,N/A,N/A,San Antonio,,
967.0,Hannah,34,131295,IT,San Jose,,
968.0,,51,46957,,Los Angeles,,
969.0,$$$,29,41092,Sales,Houston,,
970.0,???,37,,****,Chicago,,
971.0,Eva,60,126898,Marketing,Phoenix,,
972.0,Nina,52,126520,Marketing,Dallas,,
973.0,Eva,44,54141,Marketing,San Antonio,,
974.0,,38,,nil,San Antonio,,
975.0,Eva,27,125119,HR,Los Angeles,,
976.0,Mike,46,89899,Marketing,,,
977.0,,,133020,Sales,Philadelphia,,
978.0,Eva,35,,Operations,Phoenix,,
,,,,,,,
980.0,Grace,39,64434,Sales,New York,,
981.0,Oscar,54,unknown_val,Operations,San Diego,,
982.0,Frank,,133384,Sales,,,
983.0,Hannah,22,,N/A,,,
984.0,Frank,30,109391,Marketing,Dallas,,
985.0,Ian,60,104216,null,Phoenix,,
986.0,Bob,36,60578,Operations,Chicago,,
987.0,Bob,41,,,###,,
988.0,Nina,39,86580,Engineering,Houston,,
989.0,N/A,46,70959,???,Dallas,,
990.0,Bob,51,105700,,San Diego,,
991.0,Eva,51,48127,Engineering,Houston,,
992.0,Jack,55,90747,HR,???,,
993.0,Charlie,47,146805,Finance,Houston,,
994.0,Frank,22,112737,,..,,
995.0,Laura,45,69567,HR,San Jose,,
996.0,Frank,60,..,Finance,null,,
997.0,Grace,41,51507,Engineering,N/A,,
998.0,Mike,52,108251,HR,,,
999.0,Bob,,120274,Sales,---,,
1000.0,Grace,42,129983,Sales,San Jose,,
